{
 "ours_30000": {
  "SSIM": {
   "00000.png": 0.16269303858280182,
   "00001.png": 0.15970344841480255,
   "00002.png": 0.2908360958099365,
   "00003.png": 0.19450120627880096,
   "00004.png": 0.2165035605430603,
   "00005.png": 0.23326529562473297,
   "00006.png": 0.22285032272338867,
   "00007.png": 0.16876722872257233,
   "00008.png": 0.28108087182044983,
   "00009.png": 0.30275827646255493,
   "00010.png": 0.249393031001091,
   "00011.png": 0.28677088022232056,
   "00012.png": 0.3282714784145355
  },
  "PSNR": {
   "00000.png": 3.64591121673584,
   "00001.png": 4.4067254066467285,
   "00002.png": 5.008542537689209,
   "00003.png": 4.022490501403809,
   "00004.png": 3.739793300628662,
   "00005.png": 4.54525899887085,
   "00006.png": 3.5242528915405273,
   "00007.png": 4.399301528930664,
   "00008.png": 4.016716480255127,
   "00009.png": 5.130204677581787,
   "00010.png": 4.6734466552734375,
   "00011.png": 4.554377555847168,
   "00012.png": 4.734677314758301
  },
  "LPIPS": {
   "00000.png": 0.3060072958469391,
   "00001.png": 0.31811147928237915,
   "00002.png": 0.2652730345726013,
   "00003.png": 0.2937091588973999,
   "00004.png": 0.32260143756866455,
   "00005.png": 0.3140436112880707,
   "00006.png": 0.32588958740234375,
   "00007.png": 0.2795020639896393,
   "00008.png": 0.3387632966041565,
   "00009.png": 0.26289522647857666,
   "00010.png": 0.2700209617614746,
   "00011.png": 0.25940993428230286,
   "00012.png": 0.2505054473876953
  }
 }
}