{
 "ours_30000": {
  "SSIM": 0.2382611483335495,
  "PSNR": 4.338592052459717,
  "LPIPS": 0.2928255796432495
 }
}